{"stat.drop.minecraft.stone_pickaxe":1,"stat.pickup.minecraft.bone":4,"stat.pickup.minecraft.stone_pressure_plate":1,"stat.leaveGame":7,"stat.mineBlock.biomesoplenty.wood_slab_0":1,"stat.mineBlock.minecraft.cobblestone":2,"stat.pickup.minecraft.stone_pickaxe":3,"stat.mineBlock.minecraft.yellow_flower":2,"stat.mineBlock.minecraft.sandstone":11,"stat.swimOneCm":39015,"stat.useItem.minecraft.planks":424,"stat.climbOneCm":2553,"stat.pickup.minecraft.glass":42,"stat.useItem.minecraft.stone_slab2":40,"stat.pickup.minecraft.iron_boots":2,"stat.pickup.minecraft.rotten_flesh":8,"stat.pickup.biomesoplenty.cherry_stairs":38,"stat.useItem.minecraft.egg":4,"stat.craftItem.minecraft.stone_axe":2,"stat.craftItem.minecraft.trapdoor":10,"stat.pickup.minecraft.bucket":1,"stat.craftItem.minecraft.stone_pickaxe":1,"stat.mineBlock.biomesoplenty.double_plant":1,"stat.pickup.minecraft.cobblestone":291,"stat.useItem.minecraft.stone_shovel":72,"stat.flyOneCm":1100109,"stat.pickup.minecraft.sandstone":11,"stat.pickup.biomesoplenty.mushroom":4,"stat.pickup.minecraft.brown_mushroom":1,"stat.mineBlock.minecraft.sand":4,"stat.mineBlock.minecraft.iron_ore":26,"stat.timeSinceDeath":24056,"stat.useItem.minecraft.iron_pickaxe":22,"stat.drop.minecraft.cooked_mutton":1,"stat.pickup.minecraft.double_plant":1,"stat.mineBlock.biomesoplenty.dirt":648,"stat.craftItem.minecraft.glass_pane":16,"stat.useItem.minecraft.potato":14,"stat.pickup.minecraft.wooden_axe":2,"stat.furnaceInteraction":4,"stat.pickup.minecraft.trapdoor":9,"stat.mineBlock.minecraft.coal_ore":53,"stat.killEntity.Creeper":1,"stat.pickup.minecraft.string":2,"stat.pickup.minecraft.furnace":1,"stat.useItem.minecraft.cooked_mutton":5,"stat.pickup.biomesoplenty.flower_1":8,"stat.useItem.minecraft.trapdoor":17,"stat.sprintOneCm":690657,"stat.pickup.biomesoplenty.flower_0":18,"stat.pickup.minecraft.iron_chestplate":2,"stat.mineBlock.biomesoplenty.flower_0":4,"stat.mineBlock.biomesoplenty.log_0":185,"stat.craftItem.minecraft.stick":96,"stat.craftItem.minecraft.wooden_axe":1,"stat.mineBlock.biomesoplenty.grass":314,"stat.useItem.carryon.tile_item":2,"stat.mineBlock.biomesoplenty.mushroom":1,"stat.mineBlock.minecraft.crafting_table":2,"stat.waystones:waystonesActivated":2,"stat.useItem.minecraft.carrot":1,"stat.useItem.biomesoplenty.cherry_stairs":352,"stat.deaths":2,"stat.mineBlock.minecraft.planks":94,"stat.drop":10,"stat.pickup.minecraft.egg":13,"stat.playOneMinute":309026,"stat.mineBlock.minecraft.stone_pressure_plate":1,"stat.killEntity.Zombie":5,"stat.useItem.minecraft.birch_stairs":2,"stat.mineBlock.minecraft.tallgrass":11,"stat.craftItem.minecraft.cooked_mutton":2,"stat.diveOneCm":31254,"stat.pickup.minecraft.wheat":1,"stat.pickup.minecraft.cooked_mutton":5,"stat.chestOpened":30,"stat.pickup.minecraft.arrow":2,"stat.pickup.minecraft.stone_axe":4,"stat.useItem.minecraft.apple":1,"stat.craftItem.biomesoplenty.planks_0":728,"stat.drop.minecraft.apple":2,"stat.jump":5071,"stat.pickup.minecraft.coal":53,"stat.pickup.minecraft.iron_helmet":2,"stat.pickup.minecraft.cooked_chicken":3,"stat.fallOneCm":129225,"stat.pickup.minecraft.carrot":2,"stat.useItem.minecraft.stone_axe":527,"stat.crouchOneCm":11802,"stat.mineBlock.minecraft.chest":2,"stat.craftItem.minecraft.torch":212,"stat.pickup.minecraft.dirt":49,"stat.useItem.biomesoplenty.wood_slab_0":41,"stat.useItem.minecraft.cooked_chicken":3,"stat.craftingTableInteraction":25,"stat.pickup.minecraft.iron_ore":58,"stat.useItem.biomesoplenty.log_0":69,"stat.pickup.biomesoplenty.wood_slab_0":15,"stat.pickup.minecraft.stone_shovel":2,"stat.mineBlock.minecraft.iron_bars":1,"stat.mineBlock.minecraft.glass_pane":2,"stat.mineBlock.minecraft.log2":152,"stat.damageTaken":2337,"stat.pickup.minecraft.feather":1,"stat.pickup.minecraft.written_book":1,"stat.mineBlock.minecraft.torch":1,"stat.mineBlock.biomesoplenty.plant_1":24,"stat.mineBlock.biomesoplenty.plant_0":28,"stat.pickup.minecraft.log2":292,"stat.pickup.minecraft.planks":148,"stat.pickup.minecraft.iron_leggings":2,"stat.pickup.minecraft.bed":1,"stat.pickup.minecraft.wheat_seeds":31,"stat.pickup.minecraft.potato":2,"stat.mineBlock.biomesoplenty.gem_ore":2,"stat.craftItem.minecraft.birch_stairs":4,"stat.useItem.minecraft.stone_pickaxe":201,"stat.useItem.minecraft.stone_sword":36,"stat.damageDealt":2299,"stat.sleepInBed":6,"stat.mineBlock.minecraft.dirt":15,"stat.mineBlock.biomesoplenty.cherry_stairs":36,"stat.walkOneCm":550073,"stat.useItem.minecraft.torch":11,"stat.mineBlock.biomesoplenty.leaves_2":806,"stat.useItem.minecraft.chest":1,"stat.pickup.minecraft.stick":35,"stat.useItem.minecraft.log":2,"stat.pickup.minecraft.crafting_table":3,"stat.useItem.minecraft.cobblestone":8,"stat.craftItem.minecraft.crafting_table":2,"stat.pickup.biomesoplenty.sapling_1":58,"stat.mineBlock.biomesoplenty.planks_0":32,"stat.pickup.minecraft.log":243,"stat.pickup.biomesoplenty.planks_0":67,"stat.pickup.minecraft.iron_pickaxe":1,"stat.useItem.minecraft.yellow_flower":2,"stat.pickup.minecraft.stone":30,"stat.pickup.minecraft.sapling":25,"stat.pickup.minecraft.apple":4,"stat.useItem.minecraft.glass_pane":10,"stat.killEntity.Skeleton":2,"stat.pickup.biomesoplenty.gem":3,"stat.pickup.biomesoplenty.log_0":469,"stat.craftItem.minecraft.planks":434,"stat.craftItem.biomesoplenty.cherry_stairs":328,"stat.useItem.biomesoplenty.planks_0":145,"stat.killEntity.Spider":2,"stat.pickup.minecraft.stone_sword":2,"stat.pickup.minecraft.bread":1,"stat.drop.biomesoplenty.log_0":2,"stat.mobKills":10,"stat.mineBlock.minecraft.log":93,"stat.craftItem.minecraft.wooden_door":3,"stat.useItem.minecraft.wooden_door":2,"stat.useItem.biomesoplenty.dirt":504,"stat.drop.biomesoplenty.dirt":3,"stat.pickup.biomesoplenty.dirt":1760,"stat.pickup.minecraft.torch":213,"stat.pickup.minecraft.red_flower":2,"stat.sneakTime":5525,"stat.drop.minecraft.stone_axe":1,"stat.pickup.minecraft.yellow_flower":3,"stat.craftItem.biomesoplenty.wood_slab_0":54,"stat.mineBlock.minecraft.stone":127,"stat.pickup.minecraft.chest":2,"stat.useItem.minecraft.sandstone":8}