{"stat.useItem.minecraft.string":1,"stat.useItem.biomesoplenty.cherry_door":4,"stat.leaveGame":23,"stat.mineBlock.minecraft.sandstone":11,"stat.useItem.minecraft.planks":48,"stat.pickup.minecraft.porkchop":9,"stat.pickup.minecraft.glass":42,"stat.useItem.minecraft.water_bucket":2,"stat.pickup.minecraft.rotten_flesh":24,"stat.pickup.minecraft.sand":73,"stat.craftItem.minecraft.stone_axe":16,"stat.craftItem.minecraft.stone_sword":2,"stat.pickup.biomesoplenty.mushroom":5,"stat.mineBlock.minecraft.sand":74,"stat.pickup.quark.marble":3,"stat.pickup.quark.tallow":8,"stat.useItem.minecraft.iron_pickaxe":499,"stat.pickup.minecraft.stained_hardened_clay":1,"stat.craftItem.minecraft.wooden_pickaxe":1,"stat.drop.minecraft.cooked_mutton":4,"stat.pickup.minecraft.double_plant":7,"stat.mineBlock.biomesoplenty.dirt":198,"stat.craftItem.minecraft.bed":1,"stat.craftItem.minecraft.glass_pane":32,"stat.drop.tektopia.structure_home6":1,"stat.furnaceInteraction":119,"stat.useItem.biomesoplenty.mushroom":1,"stat.pickup.minecraft.beef":12,"stat.pickup.minecraft.furnace":9,"stat.useItem.minecraft.cooked_mutton":7,"stat.mineBlock.minecraft.stained_hardened_clay":1,"stat.pickup.biomesoplenty.flower_0":8,"stat.drop.minecraft.furnace":1,"stat.mineBlock.minecraft.fence":1,"stat.pickup.minecraft.acacia_stairs":1,"stat.pickup.minecraft.emerald":6,"stat.deaths":1,"stat.pickup.minecraft.egg":22,"stat.playOneMinute":377879,"stat.drop.minecraft.string":1,"stat.craftItem.minecraft.iron_pickaxe":2,"stat.pickup.minecraft.glass_pane":16,"stat.pickup.minecraft.item_frame":16,"stat.mineBlock.minecraft.tallgrass":64,"stat.craftItem.minecraft.cooked_mutton":18,"stat.chestOpened":128,"stat.pickup.minecraft.arrow":2,"stat.pickup.minecraft.wooden_pressure_plate":2,"stat.craftItem.minecraft.coal":38,"stat.craftItem.biomesoplenty.planks_0":596,"stat.fallOneCm":210749,"stat.pickup.minecraft.carrot":102,"stat.drop.minecraft.stone_sword":1,"stat.crouchOneCm":36749,"stat.mineBlock.minecraft.chest":6,"stat.craftItem.minecraft.iron_ingot":216,"stat.craftItem.minecraft.chest":10,"stat.pickup.minecraft.red_mushroom":6,"stat.craftingTableInteraction":76,"stat.mineBlock.minecraft.wooden_pressure_plate":2,"stat.mineBlock.minecraft.log2":76,"stat.pickup.minecraft.feather":36,"stat.useItem.minecraft.furnace":2,"stat.mineBlock.biomesoplenty.plant_1":34,"stat.mineBlock.biomesoplenty.plant_0":217,"stat.pickup.minecraft.dye":11,"stat.pickup.minecraft.planks":30,"stat.pickup.minecraft.iron_leggings":1,"stat.pickup.minecraft.wheat_seeds":262,"stat.mineBlock.biomesoplenty.gem_ore":5,"stat.useItem.minecraft.stone_pickaxe":633,"stat.pickup.waystones.waystone":2,"stat.useItem.minecraft.stone_sword":238,"stat.pickup.biomesoplenty.waterlily":5,"stat.useItem.minecraft.wool":1,"stat.mineBlock.minecraft.dirt":38,"stat.pickup.minecraft.poisonous_potato":1,"stat.pickup.minecraft.record_13":1,"stat.useItem.minecraft.torch":185,"stat.useItem.minecraft.bread":1,"stat.mineBlock.biomesoplenty.leaves_2":448,"stat.pickup.minecraft.crafting_table":10,"stat.useItem.minecraft.cobblestone":60,"stat.craftItem.minecraft.crafting_table":5,"stat.mineBlock.minecraft.double_plant":12,"stat.pickup.minecraft.log":210,"stat.pickup.biomesoplenty.planks_0":72,"stat.pickup.minecraft.iron_pickaxe":1,"stat.craftItem.minecraft.gold_ingot":23,"stat.drop.minecraft.sapling":3,"stat.pickup.minecraft.chicken":24,"stat.pickup.biomesoplenty.cherry_door":2,"stat.pickup.minecraft.sapling":50,"stat.pickup.minecraft.wooden_door":6,"stat.pickup.minecraft.apple":4,"stat.useItem.minecraft.glass_pane":16,"stat.pickup.minecraft.beetroot":25,"stat.craftItem.minecraft.bucket":1,"stat.craftItem.minecraft.planks":364,"stat.craftItem.biomesoplenty.cherry_stairs":92,"stat.pickup.minecraft.stone_sword":1,"stat.drop.biomesoplenty.flower_0":3,"stat.useItem.minecraft.wooden_pressure_plate":2,"stat.pickup.minecraft.book":63,"stat.mineBlock.minecraft.log":165,"stat.craftItem.minecraft.wooden_door":6,"stat.craftItem.minecraft.cooked_chicken":11,"stat.useItem.minecraft.wooden_door":9,"stat.useItem.biomesoplenty.dirt":147,"stat.pickup.biomesoplenty.dirt":332,"stat.sneakTime":8526,"stat.pickup.minecraft.wool":58,"stat.drop.minecraft.yellow_flower":4,"stat.pickup.minecraft.yellow_flower":8,"stat.pickup.minecraft.chest":6,"stat.drop.minecraft.stone_pickaxe":2,"stat.pickup.minecraft.bone":4,"stat.mineBlock.minecraft.acacia_stairs":1,"stat.drop.minecraft.stone_shovel":2,"stat.mineBlock.minecraft.cobblestone":31,"stat.pickup.minecraft.stone_pickaxe":2,"stat.mineBlock.minecraft.yellow_flower":2,"stat.swimOneCm":58082,"stat.climbOneCm":3682,"stat.useItem.minecraft.dirt":3,"stat.useItem.minecraft.stone_slab2":80,"stat.pickup.minecraft.iron_boots":1,"stat.pickup.tektopia.structure_home2":4,"stat.craftItem.minecraft.furnace":10,"stat.pickup.biomesoplenty.cherry_stairs":56,"stat.useItem.minecraft.egg":3,"stat.craftItem.minecraft.iron_boots":1,"stat.pickup.tektopia.structure_home6":7,"stat.useItem.minecraft.iron_ore":1,"stat.craftItem.minecraft.stone_pickaxe":6,"stat.pickup.minecraft.cobblestone":645,"stat.mineBlock.biomesoplenty.double_plant":1,"stat.mineBlock.minecraft.clay":35,"stat.useItem.minecraft.stone_shovel":360,"stat.flyOneCm":2468303,"stat.drop.minecraft.iron_helmet":1,"stat.pickup.minecraft.sandstone":11,"stat.drop.minecraft.wheat_seeds":4,"stat.pickup.minecraft.redstone":161,"stat.mineBlock.minecraft.iron_ore":191,"stat.timeSinceDeath":239374,"stat.pickup.minecraft.mutton":83,"stat.mineBlock.minecraft.coal_ore":320,"stat.craftItem.minecraft.stone_hoe":1,"stat.pickup.minecraft.string":6,"stat.pickup.tektopia.structure_townhall":5,"stat.entityKilledBy.Skeleton":1,"stat.craftItem.minecraft.stone_slab2":0,"stat.sprintOneCm":1140342,"stat.mineBlock.biomesoplenty.flower_1":1,"stat.mineBlock.biomesoplenty.flower_0":5,"stat.mineBlock.biomesoplenty.log_0":538,"stat.mineBlock.biomesoplenty.grass":25,"stat.craftItem.minecraft.stick":192,"stat.useItem.carryon.tile_item":7,"stat.mineBlock.biomesoplenty.mushroom":3,"stat.mineBlock.minecraft.crafting_table":9,"stat.waystones:waystonesActivated":1,"stat.craftItem.minecraft.wooden_pressure_plate":2,"stat.useItem.biomesoplenty.cherry_stairs":45,"stat.mineBlock.quark.marble":3,"stat.mineBlock.minecraft.planks":9,"stat.drop":36,"stat.killEntity.Sheep":53,"stat.drop.minecraft.iron_boots":1,"stat.killEntity.Zombie":17,"stat.mineBlock.minecraft.gold_ore":23,"stat.diveOneCm":58413,"stat.pickup.minecraft.wheat":28,"stat.pickup.minecraft.stone_axe":1,"stat.useItem.minecraft.apple":3,"stat.jump":9260,"stat.useItem.minecraft.sand":4,"stat.pickup.minecraft.fence":1,"stat.pickup.minecraft.coal":367,"stat.useItem.minecraft.stone_axe":852,"stat.craftItem.minecraft.torch":248,"stat.pickup.minecraft.dirt":25,"stat.craftItem.minecraft.iron_helmet":2,"stat.drop.minecraft.bed":1,"stat.useItem.minecraft.cooked_chicken":8,"stat.pickup.minecraft.iron_ore":191,"stat.useItem.biomesoplenty.log_0":5,"stat.pickup.minecraft.stone_shovel":2,"stat.pickup.minecraft.gold_ore":23,"stat.mineBlock.minecraft.lapis_ore":2,"stat.pickup.minecraft.leather":5,"stat.damageTaken":2035,"stat.mineBlock.minecraft.furnace":10,"stat.mineBlock.minecraft.torch":16,"stat.useItem.minecraft.wooden_pickaxe":59,"stat.pickup.minecraft.log2":76,"stat.pickup.minecraft.reeds":24,"stat.pickup.minecraft.bed":17,"stat.pickup.minecraft.potato":104,"stat.damageDealt":12093,"stat.craftItem.minecraft.glass":54,"stat.drop.minecraft.cooked_chicken":3,"stat.sleepInBed":7,"stat.killEntity.Cow":4,"stat.killEntity.Pig":4,"stat.mineBlock.biomesoplenty.cherry_stairs":9,"stat.craftItem.minecraft.iron_sword":1,"stat.craftItem.minecraft.stone_shovel":8,"stat.walkOneCm":820180,"stat.useItem.quark.custom_chest":1,"stat.useItem.minecraft.chest":6,"stat.pickup.minecraft.stick":2,"stat.craftItem.biomesoplenty.cherry_door":3,"stat.craftItem.quark.custom_chest":2,"stat.pickup.minecraft.clay_ball":280,"stat.pickup.biomesoplenty.sapling_1":73,"stat.mineBlock.biomesoplenty.planks_0":6,"stat.useItem.minecraft.item_frame":3,"stat.pickup.tektopia.structure_storage":4,"stat.drop.minecraft.iron_chestplate":1,"stat.pickup.minecraft.stone":48,"stat.craftItem.minecraft.iron_chestplate":2,"stat.mineBlock.minecraft.wool":3,"stat.drop.minecraft.potato":1,"stat.mineBlock.biomesoplenty.waterlily":5,"stat.killEntity.Skeleton":7,"stat.pickup.biomesoplenty.gem":5,"stat.pickup.biomesoplenty.log_0":676,"stat.killEntity.Chicken":26,"stat.useItem.biomesoplenty.planks_0":114,"stat.killEntity.Spider":4,"stat.mineBlock.waystones.waystone":2,"stat.mobKills":115,"stat.mineBlock.minecraft.bookshelf":14,"stat.pickup.minecraft.beetroot_seeds":90,"stat.mineBlock.minecraft.leaves":475,"stat.pickup.minecraft.torch":89,"stat.mineBlock.minecraft.redstone_ore":32,"stat.drop.minecraft.stone_axe":2,"stat.mineBlock.minecraft.stone":562}