{"stat.leaveGame":36,"stat.useItem.harvestcraft.calamaricookeditem":3,"stat.killEntity.Blaze":2,"stat.pickup.mutantbeasts.mutant_skeleton_pelvis":1,"stat.mineBlock.harvestcraft.beehive":2,"stat.craftItem.minecraft.shield":2,"stat.useItem.minecraft.planks":4,"stat.craftItem.harvestcraft.calamaricookeditem":3,"stat.pickup.minecraft.porkchop":5,"stat.pickup.minecraft.glass":16,"stat.pickup.minecraft.blaze_powder":1,"stat.pickup.harvestcraft.calamarirawitem":6,"stat.drop.minecraft.iron_sword":2,"stat.useItem.minecraft.water_bucket":5,"stat.pickup.minecraft.rotten_flesh":204,"stat.pickup.minecraft.sand":243,"stat.pickup.quark.basalt":1,"stat.entityKilledBy.Spider":1,"stat.pickup.minecraft.bucket":1,"stat.killEntity.Enderman":1,"stat.pickup.harvestcraft.radishitem":1,"stat.pickup.biomesoplenty.mushroom":2,"stat.drop.harvestcraft.juiceritem":1,"stat.mineBlock.minecraft.sand":243,"stat.killEntity.Witch":1,"stat.pickup.quark.tallow":3,"stat.craftItem.harvestcraft.grainbaititem":4,"stat.useItem.minecraft.iron_pickaxe":504,"stat.craftItem.minecraft.wooden_pickaxe":1,"stat.useItem.minecraft.iron_shovel":251,"stat.pickup.minecraft.double_plant":25,"stat.mineBlock.biomesoplenty.dirt":16,"stat.trappedChestTriggered":3,"stat.furnaceInteraction":44,"stat.pickup.harvestcraft.juiceritem":1,"stat.killEntity.ZombieVillager":3,"stat.pickup.minecraft.beef":21,"stat.craftItem.travelersbackpack.travelers_backpack":1,"stat.useItem.minecraft.trapdoor":2,"stat.pickup.biomesoplenty.flower_0":6,"stat.pickup.minecraft.iron_chestplate":4,"stat.pickup.minecraft.skull":2,"stat.useItem.minecraft.flint_and_steel":1,"stat.useItem.minecraft.wheat_seeds":2,"stat.deaths":6,"stat.pickup.minecraft.egg":42,"stat.playOneMinute":632568,"stat.pickup.minecraft.blaze_rod":3,"stat.pickup.harvestcraft.groundtrap":1,"stat.craftItem.minecraft.iron_pickaxe":1,"stat.pickup.minecraft.item_frame":1,"stat.mineBlock.minecraft.tallgrass":5,"stat.chestOpened":60,"stat.pickup.harvestcraft.kaleitem":4,"stat.pickup.minecraft.pumpkin":5,"stat.pickup.harvestcraft.tomatoitem":30,"stat.pickup.minecraft.iron_sword":7,"stat.pickup.minecraft.arrow":27,"stat.pickup.minecraft.waterlily":1,"stat.pickup.harvestcraft.waterchestnutitem":3,"stat.drop.minecraft.iron_pickaxe":3,"stat.craftItem.biomesoplenty.planks_0":404,"stat.fallOneCm":57369,"stat.drop.minecraft.stone":7,"stat.pickup.mutantbeasts.mutant_skeleton_shoulder_pad":2,"stat.pickup.minecraft.carrot":48,"stat.pickup.mutantbeasts.mutant_skeleton_skull":1,"stat.pickup.quark.slate":2,"stat.crouchOneCm":27589,"stat.mineBlock.minecraft.chest":2,"stat.craftItem.minecraft.iron_ingot":14,"stat.craftItem.minecraft.chest":9,"stat.craftingTableInteraction":63,"stat.pickup.minecraft.feather":64,"stat.drop.minecraft.bone":1,"stat.mineBlock.biomesoplenty.mud":193,"stat.useItem.minecraft.reeds":1,"stat.mineBlock.biomesoplenty.plant_0":29,"stat.pickup.minecraft.dye":10,"stat.pickup.minecraft.planks":7,"stat.pickup.biomesoplenty.plant_1":8,"stat.pickup.minecraft.iron_leggings":5,"stat.pickup.biomesoplenty.plant_0":1,"stat.pickup.minecraft.wheat_seeds":15,"stat.mineBlock.minecraft.gravel":193,"stat.pickup.waystones.waystone":1,"stat.pickup.blue_skies.blue_lore":1,"stat.useItem.minecraft.wool":12,"stat.useItem.biomesoplenty.berries":15,"stat.mineBlock.minecraft.dirt":3033,"stat.useItem.minecraft.torch":83,"stat.useItem.minecraft.bread":1,"stat.mineBlock.biomesoplenty.leaves_2":526,"stat.pickup.harvestcraft.maplesyrupitem":25,"stat.pickup.minecraft.crafting_table":3,"stat.useItem.minecraft.cobblestone":109,"stat.craftItem.minecraft.crafting_table":1,"stat.mineBlock.minecraft.double_plant":3,"stat.pickup.minecraft.iron_hoe":2,"stat.killEntity.quark:foxhound":1,"stat.pickup.minecraft.log":9,"stat.pickup.biomesoplenty.planks_0":315,"stat.mineBlock.harvestcraft.pammaple":5,"stat.pickup.minecraft.iron_pickaxe":5,"stat.craftItem.minecraft.gold_ingot":1,"stat.pickup.minecraft.chicken":31,"stat.pickup.minecraft.sapling":12,"stat.pickup.quark.soul_bead":2,"stat.pickup.harvestcraft.parsnipitem":4,"stat.useItem.minecraft.iron_sword":547,"stat.craftItem.minecraft.planks":4,"stat.pickup.biomesoplenty.berries":19,"stat.mineBlock.minecraft.log":6,"stat.useItem.biomesoplenty.dirt":52,"stat.pickup.biomesoplenty.dirt":59,"stat.craftItem.mutantbeasts.mutant_skeleton_boots":1,"stat.craftItem.mutantbeasts.mutant_skeleton_leggings":1,"stat.pickup.mutantbeasts.mutant_skeleton_limb":5,"stat.pickup.minecraft.red_flower":3,"stat.sneakTime":13027,"stat.pickup.minecraft.wool":66,"stat.useItem.minecraft.baked_potato":15,"stat.pickup.minecraft.chest":2,"stat.pickup.minecraft.bone":37,"stat.useItem.harvestcraft.garlicitem":28,"stat.mineBlock.minecraft.cobblestone":48,"stat.mineBlock.minecraft.pumpkin":5,"stat.pickup.minecraft.flint":2,"stat.craftItem.minecraft.wool":2,"stat.swimOneCm":77023,"stat.climbOneCm":5331,"stat.drop.minecraft.cobblestone":299,"stat.useItem.minecraft.dirt":224,"stat.useItem.harvestcraft.tomatoitem":53,"stat.useItem.minecraft.stone_slab2":90,"stat.pickup.minecraft.iron_boots":3,"stat.entityKilledBy.mutantbeasts.mutant_enderman":1,"stat.useItem.minecraft.egg":7,"stat.pickup.mutantbeasts.mutant_skeleton_leggings":1,"stat.craftItem.minecraft.trapdoor":6,"stat.craftItem.minecraft.cooked_beef":10,"stat.pickup.minecraft.cobblestone":1054,"stat.mineBlock.biomesoplenty.double_plant":1,"stat.pickup.mutantbeasts.mutant_skeleton_rib":6,"stat.pickup.harvestcraft.jicamaitem":5,"stat.flyOneCm":274418,"stat.useItem.biomesoplenty.mudball":185,"stat.drop.minecraft.wheat_seeds":1,"stat.useItem.harvestcraft.whitemushroomitem":12,"stat.useItem.minecraft.cooked_beef":7,"stat.timeSinceDeath":7127,"stat.drop.minecraft.spider_eye":1,"stat.pickup.minecraft.mutton":24,"stat.drop.harvestcraft.maplesyrupitem":6,"stat.pickup.travelersbackpack.travelers_backpack":1,"stat.pickup.harvestcraft.riceitem":4,"stat.pickup.minecraft.iron_shovel":3,"stat.drop.harvestcraft.jicamaitem":1,"stat.craftItem.better_diving.peeper_cooked":1,"stat.pickup.minecraft.trapdoor":1,"stat.mineBlock.minecraft.coal_ore":20,"stat.killEntity.Creeper":2,"stat.pickup.minecraft.shield":1,"stat.pickup.minecraft.string":28,"stat.pickup.harvestcraft.calamaricookeditem":6,"stat.pickup.better_diving.peeper_cooked":2,"stat.entityKilledBy.Skeleton":1,"stat.craftItem.minecraft.stone_slab2":0,"stat.useItem.better_diving.peeper_cooked":1,"stat.killEntity.Squid":2,"stat.sprintOneCm":961068,"stat.drop.minecraft.leather":5,"stat.mineBlock.biomesoplenty.flower_0":1,"stat.mineBlock.biomesoplenty.log_0":166,"stat.craftItem.minecraft.stick":30,"stat.mineBlock.biomesoplenty.grass":17,"stat.pickup.minecraft.grass":4,"stat.mineBlock.biomesoplenty.mushroom":2,"stat.mineBlock.minecraft.crafting_table":3,"stat.waystones:waystonesActivated":3,"stat.mineBlock.harvestcraft.groundtrap":1,"stat.useItem.minecraft.wheat":60,"stat.entityKilledBy.Creeper":1,"stat.mineBlock.minecraft.planks":7,"stat.pickup.better_diving.peeper":2,"stat.drop":39,"stat.killEntity.Sheep":14,"stat.killEntity.Zombie":56,"stat.craftItem.minecraft.dye":2,"stat.diveOneCm":59707,"stat.drop.minecraft.diamond_pickaxe":1,"stat.pickup.minecraft.wheat":139,"stat.pickup.minecraft.gravel":2,"stat.useItem.minecraft.rotten_flesh":32,"stat.craftItem.travelersbackpack.backpack_tank":2,"stat.jump":2754,"stat.pickup.minecraft.fence":386,"stat.pickup.minecraft.coal":38,"stat.pickup.minecraft.iron_helmet":5,"stat.pickup.minecraft.iron_ingot":33,"stat.pickup.minecraft.spider_eye":8,"stat.craftItem.minecraft.torch":8,"stat.pickup.minecraft.dirt":3486,"stat.pickup.minecraft.iron_ore":8,"stat.boatOneCm":152202,"stat.killEntity.quark:wraith":2,"stat.mineBlock.minecraft.glass_pane":1,"stat.damageTaken":5716,"stat.pickup.minecraft.leather":15,"stat.mineBlock.minecraft.torch":137,"stat.mineBlock.minecraft.red_flower":4,"stat.pickup.minecraft.written_book":4,"stat.useItem.minecraft.wooden_pickaxe":59,"stat.pickup.harvestcraft.blueberryitem":4,"stat.mineBlock.harvestcraft.pamplum":1,"stat.pickup.minecraft.reeds":31,"stat.pickup.minecraft.potato":10,"stat.entityKilledBy.Zombie":1,"stat.pickup.minecraft.rabbit_hide":1,"stat.damageDealt":23563,"stat.craftItem.minecraft.glass":64,"stat.sleepInBed":16,"stat.craftItem.minecraft.baked_potato":15,"stat.killEntity.Cow":11,"stat.killEntity.Pig":2,"stat.craftItem.minecraft.iron_sword":2,"stat.walkOneCm":2235499,"stat.useItem.minecraft.chest":4,"stat.killEntity.peeper":1,"stat.drop.minecraft.wheat":5,"stat.pickup.minecraft.stick":21,"stat.pickup.minecraft.diamond_pickaxe":2,"stat.pickup.harvestcraft.greengrapeitem":3,"stat.pickup.biomesoplenty.sapling_1":178,"stat.pickup.biomesoplenty.sapling_2":1,"stat.mineBlock.biomesoplenty.planks_0":15,"stat.useItem.minecraft.item_frame":4,"stat.pickup.harvestcraft.spiceleafitem":4,"stat.pickup.biomesoplenty.mudball":1025,"stat.pickup.minecraft.stone":27,"stat.pickup.minecraft.baked_potato":20,"stat.mineBlock.minecraft.wool":10,"stat.pickup.minecraft.ender_pearl":2,"stat.useItem.harvestcraft.maplesyrupitem":1,"stat.pickup.minecraft.cooked_beef":4,"stat.pickup.biomesoplenty.hive":4,"stat.killEntity.Skeleton":14,"stat.entityKilledBy.quark:foxhound":1,"stat.craftItem.travelersbackpack.sleeping_bag_bottom":1,"stat.pickup.biomesoplenty.log_0":230,"stat.killEntity.Chicken":23,"stat.pickup.harvestcraft.queenbeeitem":4,"stat.useItem.biomesoplenty.planks_0":29,"stat.killEntity.Spider":21,"stat.mineBlock.waystones.waystone":2,"stat.mobKills":162,"stat.craftItem.minecraft.shears":1,"stat.mineBlock.minecraft.leaves":22,"stat.pickup.minecraft.torch":147,"stat.craftItem.minecraft.coal_block":2,"stat.mineBlock.harvestcraft.soggygarden":1,"stat.mineBlock.minecraft.stone":493}