{"stat.leaveGame":15,"stat.craftItem.minecraft.iron_axe":1,"stat.useItem.minecraft.glowstone":14,"stat.mineBlock.minecraft.sandstone":11,"stat.useItem.minecraft.planks":652,"stat.pickup.minecraft.glowstone_dust":202,"stat.pickup.minecraft.glass":42,"stat.pickup.minecraft.rotten_flesh":22,"stat.craftItem.minecraft.stone_axe":2,"stat.pickup.minecraft.bucket":1,"stat.pickup.biomesoplenty.mushroom":5,"stat.craftItem.minecraft.iron_shovel":1,"stat.pickup.minecraft.brown_mushroom":1,"stat.mineBlock.minecraft.sand":4,"stat.mineBlock.biomesoplenty.ash_block":5,"stat.useItem.minecraft.iron_pickaxe":210,"stat.drop.minecraft.cooked_mutton":1,"stat.pickup.minecraft.double_plant":3,"stat.mineBlock.biomesoplenty.dirt":661,"stat.craftItem.minecraft.glass_pane":112,"stat.useItem.minecraft.oak_stairs":2,"stat.furnaceInteraction":10,"stat.pickup.biomesoplenty.cherry_fence":2,"stat.pickup.minecraft.furnace":1,"stat.useItem.minecraft.cooked_mutton":15,"stat.pickup.biomesoplenty.flower_1":8,"stat.useItem.minecraft.trapdoor":17,"stat.pickup.biomesoplenty.flower_0":32,"stat.pickup.minecraft.iron_chestplate":3,"stat.deaths":3,"stat.pickup.minecraft.egg":24,"stat.playOneMinute":457215,"stat.mineBlock.minecraft.stone_pressure_plate":1,"stat.craftItem.minecraft.iron_pickaxe":1,"stat.pickup.minecraft.item_frame":1,"stat.mineBlock.minecraft.tallgrass":13,"stat.craftItem.minecraft.cooked_mutton":2,"stat.pickup.minecraft.netherrack":54,"stat.pickup.minecraft.cooked_mutton":5,"stat.craftItem.biomesoplenty.cherry_fence":3,"stat.chestOpened":69,"stat.mineBlock.minecraft.netherrack":29,"stat.pickup.minecraft.arrow":3,"stat.drop.minecraft.iron_pickaxe":1,"stat.craftItem.biomesoplenty.planks_0":728,"stat.pickup.minecraft.cooked_chicken":3,"stat.fallOneCm":194074,"stat.pickup.minecraft.carrot":2,"stat.crouchOneCm":14893,"stat.mineBlock.minecraft.chest":2,"stat.craftingTableInteraction":36,"stat.mineBlock.minecraft.wooden_pressure_plate":2,"stat.useItem.biomesoplenty.filled_honeycomb":1,"stat.mineBlock.minecraft.log2":152,"stat.pickup.minecraft.feather":3,"stat.mineBlock.biomesoplenty.plant_1":24,"stat.mineBlock.biomesoplenty.plant_0":48,"stat.pickup.minecraft.planks":282,"stat.pickup.minecraft.iron_leggings":3,"stat.pickup.minecraft.wheat_seeds":37,"stat.mineBlock.biomesoplenty.gem_ore":2,"stat.craftItem.minecraft.birch_stairs":4,"stat.useItem.minecraft.stone_pickaxe":201,"stat.useItem.minecraft.stone_sword":51,"stat.pickup.blue_skies.blue_lore":1,"stat.craftItem.minecraft.oak_stairs":8,"stat.mineBlock.minecraft.dirt":18,"stat.useItem.minecraft.torch":25,"stat.mineBlock.biomesoplenty.leaves_2":851,"stat.useItem.minecraft.log":2,"stat.pickup.minecraft.crafting_table":3,"stat.useItem.minecraft.cobblestone":8,"stat.craftItem.minecraft.crafting_table":2,"stat.mineBlock.biomesoplenty.cherry_fence":1,"stat.pickup.minecraft.log":426,"stat.pickup.biomesoplenty.planks_0":173,"stat.pickup.minecraft.iron_pickaxe":3,"stat.useItem.minecraft.yellow_flower":2,"stat.pickup.biomesoplenty.cherry_door":2,"stat.pickup.minecraft.sapling":42,"stat.pickup.minecraft.wooden_door":1,"stat.pickup.minecraft.apple":8,"stat.useItem.minecraft.glass_pane":20,"stat.craftItem.minecraft.planks":846,"stat.useItem.minecraft.iron_sword":6,"stat.craftItem.biomesoplenty.cherry_stairs":408,"stat.pickup.minecraft.stone_sword":3,"stat.useItem.minecraft.wooden_pressure_plate":1,"stat.mineBlock.minecraft.log":212,"stat.craftItem.minecraft.wooden_door":6,"stat.useItem.minecraft.wooden_door":4,"stat.useItem.biomesoplenty.dirt":517,"stat.pickup.biomesoplenty.dirt":1779,"stat.pickup.minecraft.red_flower":2,"stat.sneakTime":7091,"stat.pickup.minecraft.yellow_flower":4,"stat.craftItem.biomesoplenty.wood_slab_0":84,"stat.pickup.minecraft.chest":2,"stat.drop.minecraft.stone_pickaxe":1,"stat.pickup.minecraft.bone":7,"stat.pickup.minecraft.stone_pressure_plate":1,"stat.mineBlock.biomesoplenty.wood_slab_0":1,"stat.mineBlock.minecraft.cobblestone":2,"stat.pickup.minecraft.stone_pickaxe":4,"stat.mineBlock.minecraft.yellow_flower":3,"stat.swimOneCm":64994,"stat.climbOneCm":2569,"stat.useItem.minecraft.dirt":2,"stat.useItem.minecraft.stone_slab2":64,"stat.pickup.minecraft.iron_boots":3,"stat.pickup.biomesoplenty.cherry_stairs":53,"stat.useItem.minecraft.egg":8,"stat.pickup.tektopia.structure_home6":1,"stat.craftItem.minecraft.trapdoor":10,"stat.craftItem.minecraft.stone_pickaxe":1,"stat.mineBlock.biomesoplenty.double_plant":2,"stat.pickup.minecraft.cobblestone":291,"stat.useItem.minecraft.stone_shovel":118,"stat.flyOneCm":1584606,"stat.pickup.minecraft.sandstone":11,"stat.useItem.biomesoplenty.cherry_fence":2,"stat.mineBlock.minecraft.iron_ore":48,"stat.timeSinceDeath":49196,"stat.useItem.minecraft.potato":14,"stat.pickup.minecraft.wooden_axe":2,"stat.pickup.minecraft.trapdoor":9,"stat.mineBlock.minecraft.coal_ore":143,"stat.killEntity.Creeper":1,"stat.pickup.minecraft.string":2,"stat.mineBlock.biomesoplenty.hive":7,"stat.pickup.tektopia.structure_townhall":1,"stat.sprintOneCm":1058010,"stat.mineBlock.biomesoplenty.flower_0":20,"stat.mineBlock.biomesoplenty.log_0":270,"stat.craftItem.minecraft.stick":108,"stat.craftItem.minecraft.wooden_axe":1,"stat.mineBlock.biomesoplenty.grass":324,"stat.pickup.biomesoplenty.ash":46,"stat.useItem.carryon.tile_item":2,"stat.mineBlock.biomesoplenty.mushroom":1,"stat.mineBlock.minecraft.crafting_table":2,"stat.waystones:waystonesActivated":2,"stat.useItem.minecraft.carrot":1,"stat.craftItem.minecraft.wooden_pressure_plate":2,"stat.useItem.biomesoplenty.cherry_stairs":500,"stat.mineBlock.minecraft.planks":190,"stat.drop":12,"stat.killEntity.Zombie":8,"stat.useItem.minecraft.birch_stairs":2,"stat.diveOneCm":46071,"stat.pickup.minecraft.wheat":1,"stat.useItem.biomesoplenty.hive":3,"stat.pickup.minecraft.stone_axe":6,"stat.useItem.minecraft.apple":3,"stat.pickup.biomesoplenty.filled_honeycomb":1,"stat.drop.minecraft.apple":2,"stat.jump":7549,"stat.pickup.minecraft.coal":143,"stat.pickup.minecraft.iron_helmet":3,"stat.pickup.minecraft.iron_ingot":1,"stat.useItem.minecraft.stone_axe":964,"stat.pickup.minecraft.spider_eye":1,"stat.craftItem.minecraft.torch":212,"stat.pickup.minecraft.dirt":52,"stat.useItem.biomesoplenty.wood_slab_0":70,"stat.useItem.minecraft.cooked_chicken":3,"stat.pickup.minecraft.iron_ore":80,"stat.useItem.biomesoplenty.log_0":90,"stat.pickup.biomesoplenty.wood_slab_0":17,"stat.pickup.minecraft.stone_shovel":2,"stat.mineBlock.minecraft.iron_bars":1,"stat.mineBlock.minecraft.glass_pane":2,"stat.damageTaken":3506,"stat.pickup.minecraft.written_book":1,"stat.mineBlock.minecraft.torch":4,"stat.pickup.minecraft.log2":292,"stat.craftItem.minecraft.glowstone":25,"stat.pickup.minecraft.bed":7,"stat.pickup.minecraft.potato":2,"stat.entityKilledBy.Zombie":1,"stat.damageDealt":2904,"stat.sleepInBed":10,"stat.mineBlock.biomesoplenty.cherry_stairs":51,"stat.craftItem.minecraft.iron_sword":1,"stat.walkOneCm":860492,"stat.useItem.minecraft.chest":1,"stat.pickup.minecraft.stick":35,"stat.pickup.biomesoplenty.sapling_1":93,"stat.mineBlock.biomesoplenty.planks_0":138,"stat.pickup.minecraft.stone":31,"stat.useItem.minecraft.netherrack":2,"stat.pickup.biomesoplenty.hive":4,"stat.killEntity.Skeleton":2,"stat.pickup.biomesoplenty.gem":3,"stat.pickup.biomesoplenty.log_0":554,"stat.useItem.biomesoplenty.sapling_1":2,"stat.useItem.biomesoplenty.planks_0":193,"stat.killEntity.Spider":2,"stat.pickup.minecraft.bread":1,"stat.mineBlock.minecraft.glowstone":38,"stat.drop.biomesoplenty.log_0":2,"stat.mobKills":14,"stat.drop.biomesoplenty.dirt":3,"stat.mineBlock.minecraft.leaves":2,"stat.pickup.minecraft.torch":215,"stat.drop.minecraft.stone_axe":2,"stat.mineBlock.minecraft.stone":129,"stat.useItem.minecraft.sandstone":8}