{"stat.useItem.biomesoplenty.cherry_door":4,"stat.mineBlock.quark.roots_white_flower":1,"stat.leaveGame":91,"stat.killEntity.Parrot":1,"stat.mineBlock.minecraft.sandstone":54,"stat.mineBlock.harvestcraft.beehive":3,"stat.craftItem.minecraft.shield":1,"stat.mineBlock.minecraft.web":48,"stat.craftItem.minecraft.stone_pressure_plate":1,"stat.craftItem.harvestcraft.royaljellyitem":1,"stat.pickup.harvestcraft.calamarirawitem":3,"stat.pickup.harvestcraft.seaweeditem":2,"stat.drop.minecraft.iron_sword":2,"stat.pickup.minecraft.rotten_flesh":181,"stat.killEntity.Donkey":1,"stat.craftItem.minecraft.stone_axe":67,"stat.killEntity.Enderman":2,"stat.mineBlock.minecraft.wooden_slab":1,"stat.pickup.harvestcraft.radishitem":239,"stat.pickup.biomesoplenty.mushroom":6,"stat.craftItem.minecraft.iron_shovel":22,"stat.killEntity.Witch":4,"stat.craftItem.cfm.table_dark_oak":2,"stat.pickup.harvestcraft.scallionitem":142,"stat.pickup.quark.tallow":21,"stat.craftItem.harvestcraft.presser":1,"stat.useItem.minecraft.iron_pickaxe":8537,"stat.pickup.minecraft.stained_hardened_clay":1,"stat.craftItem.minecraft.wooden_pickaxe":1,"stat.useItem.minecraft.iron_shovel":4579,"stat.pickup.harvestcraft.rhubarbitem":203,"stat.drop.minecraft.cooked_mutton":4,"stat.pickup.minecraft.double_plant":20,"stat.craftItem.minecraft.bed":18,"stat.craftItem.minecraft.glass_pane":32,"stat.furnaceInteraction":321,"stat.pickup.harvestcraft.cherryitem":1,"stat.mineBlock.quark.slate":266,"stat.killEntity.ZombieVillager":7,"stat.useItem.biomesoplenty.mushroom":1,"stat.pickup.biomesoplenty.cherry_fence":39,"stat.pickup.minecraft.beef":80,"stat.pickup.quark.crab_leg":1,"stat.pickup.harvestcraft.brusselsproutitem":2,"stat.pickup.minecraft.hay_block":4,"stat.craftItem.biomesoplenty.cherry_fence_gate":4,"stat.pickup.minecraft.cauldron":2,"stat.mineBlock.minecraft.stained_hardened_clay":1,"stat.pickup.biomesoplenty.flower_0":74,"stat.drop.minecraft.furnace":1,"stat.mineBlock.minecraft.fence":9,"stat.useItem.minecraft.flint_and_steel":1,"stat.pickup.minecraft.emerald":6,"stat.deaths":7,"stat.pickup.minecraft.egg":45,"stat.craftItem.minecraft.item_frame":25,"stat.craftItem.minecraft.iron_pickaxe":34,"stat.pickup.minecraft.glass_pane":16,"stat.pickup.minecraft.item_frame":22,"stat.mineBlock.minecraft.tallgrass":236,"stat.craftItem.minecraft.cooked_mutton":79,"stat.pickup.minecraft.cooked_mutton":18,"stat.chestOpened":509,"stat.pickup.biomesoplenty.cherry_fence_gate":2,"stat.craftItem.minecraft.sign":3,"stat.useItem.minecraft.stone":3,"stat.pickup.minecraft.arrow":27,"stat.pickup.minecraft.iron_sword":5,"stat.pickup.minecraft.wooden_pressure_plate":6,"stat.pickup.harvestcraft.waterchestnutitem":3,"stat.craftItem.minecraft.coal":38,"stat.drop.minecraft.iron_pickaxe":3,"stat.pickup.minecraft.carrot":102,"stat.drop.minecraft.stone_sword":1,"stat.crouchOneCm":156313,"stat.mineBlock.minecraft.chest":6,"stat.craftItem.minecraft.iron_ingot":539,"stat.pickup.harvestcraft.walnutitem":1,"stat.craftingTableInteraction":290,"stat.mineBlock.minecraft.wooden_pressure_plate":3,"stat.mineBlock.minecraft.log2":152,"stat.drop.minecraft.double_plant":2,"stat.mineBlock.biomesoplenty.plant_1":39,"stat.mineBlock.biomesoplenty.plant_0":312,"stat.pickup.minecraft.dye":108,"stat.pickup.minecraft.planks":633,"stat.pickup.biomesoplenty.plant_1":5,"stat.pickup.minecraft.wheat_seeds":303,"stat.mineBlock.biomesoplenty.gem_ore":32,"stat.pickup.biomesoplenty.waterlily":11,"stat.mineBlock.biomesoplenty.cherry_fence_gate":2,"stat.mineBlock.minecraft.dirt":1848,"stat.pickup.minecraft.poisonous_potato":1,"stat.useItem.minecraft.bread":18,"stat.mineBlock.biomesoplenty.leaves_3":1,"stat.mineBlock.biomesoplenty.leaves_2":1480,"stat.pickup.harvestcraft.maplesyrupitem":36,"stat.craftItem.ironchest.iron_gold_chest_upgrade":1,"stat.useItem.minecraft.cobblestone":589,"stat.pickup.minecraft.magma":1,"stat.mineBlock.minecraft.double_plant":30,"stat.useItem.harvestcraft.sweetpotatoitem":76,"stat.drop.harvestcraft.tomatilloitem":1,"stat.pickup.minecraft.iron_pickaxe":6,"stat.craftItem.minecraft.gold_ingot":46,"stat.drop.minecraft.sapling":11,"stat.pickup.minecraft.chicken":28,"stat.pickup.minecraft.apple":24,"stat.useItem.minecraft.glass_pane":17,"stat.pickup.minecraft.banner":5,"stat.craftItem.minecraft.bucket":5,"stat.craftItem.minecraft.planks":5736,"stat.useItem.minecraft.iron_sword":319,"stat.craftItem.biomesoplenty.cherry_stairs":92,"stat.pickup.biomesoplenty.berries":7,"stat.pickup.minecraft.stone_sword":1,"stat.drop.biomesoplenty.flower_0":7,"stat.pickup.minecraft.book":63,"stat.mineBlock.minecraft.log":2003,"stat.craftItem.minecraft.wooden_door":6,"stat.useItem.minecraft.wooden_door":10,"stat.useItem.biomesoplenty.dirt":1120,"stat.useItem.biomesoplenty.cherry_fence_gate":1,"stat.pickup.biomesoplenty.dirt":3199,"stat.pickup.minecraft.red_flower":15,"stat.pickup.mutantbeasts.mutant_skeleton_limb":3,"stat.pickup.minecraft.wool":92,"stat.pickup.minecraft.cooked_fish":18,"stat.useItem.minecraft.wooden_axe":11,"stat.mineBlock.minecraft.acacia_stairs":1,"stat.useItem.minecraft.iron_axe":3285,"stat.pickup.minecraft.spruce_fence_gate":6,"stat.drop.minecraft.stone_shovel":2,"stat.mineBlock.minecraft.cobblestone":301,"stat.mineBlock.minecraft.pumpkin":16,"stat.pickup.minecraft.stone_pickaxe":2,"stat.pickup.minecraft.flint":23,"stat.mineBlock.minecraft.yellow_flower":5,"stat.drop.minecraft.cobblestone":3,"stat.pickup.minecraft.cooked_porkchop":12,"stat.useItem.minecraft.obsidian":18,"stat.useItem.harvestcraft.tomatoitem":152,"stat.useItem.minecraft.cookie":2,"stat.useItem.minecraft.stone_slab2":428,"stat.pickup.minecraft.bow":4,"stat.pickup.minecraft.iron_boots":8,"stat.craftItem.minecraft.furnace":12,"stat.pickup.biomesoplenty.cherry_stairs":56,"stat.useItem.minecraft.egg":5,"stat.craftItem.minecraft.iron_boots":5,"stat.craftItem.minecraft.spruce_boat":3,"stat.craftItem.minecraft.cooked_beef":24,"stat.mineBlock.minecraft.obsidian":66,"stat.useItem.minecraft.spruce_fence_gate":15,"stat.pickup.mutantbeasts.mutant_skeleton_rib":2,"stat.pickup.harvestcraft.jicamaitem":4,"stat.mineBlock.minecraft.clay":36,"stat.flyOneCm":8145176,"stat.drop.minecraft.iron_helmet":2,"stat.pickup.minecraft.sandstone":49,"stat.timeSinceDeath":175713,"stat.pickup.harvestcraft.whitemushroomitem":259,"stat.pickup.travelersbackpack.travelers_backpack":3,"stat.pickup.harvestcraft.beanitem":181,"stat.pickup.harvestcraft.riceitem":1,"stat.pickup.minecraft.spruce_fence":125,"stat.mineBlock.minecraft.coal_ore":869,"stat.killEntity.Creeper":8,"stat.pickup.minecraft.shield":3,"stat.craftItem.minecraft.stone_hoe":1,"stat.pickup.minecraft.string":117,"stat.killEntity.wasp":1,"stat.mineBlock.biomesoplenty.hive":8,"stat.pickup.tektopia.structure_townhall":8,"stat.pickup.harvestcraft.asparagusitem":2,"stat.entityKilledBy.Skeleton":1,"stat.useItem.minecraft.written_book":3,"stat.sprintOneCm":5351722,"stat.mineBlock.biomesoplenty.flower_1":2,"stat.mineBlock.biomesoplenty.flower_0":38,"stat.mineBlock.minecraft.stone_slab":2,"stat.mineBlock.biomesoplenty.grass":1349,"stat.useItem.carryon.tile_item":16,"stat.mineBlock.minecraft.diamond_ore":8,"stat.mineBlock.biomesoplenty.mushroom":4,"stat.waystones:waystonesActivated":5,"stat.craftItem.minecraft.wooden_pressure_plate":2,"stat.useItem.biomesoplenty.cherry_stairs":45,"stat.mineBlock.quark.marble":5,"stat.pickup.better_diving.peeper":1,"stat.useItem.harvestcraft.zucchiniitem":78,"stat.craftItem.minecraft.emerald":20,"stat.killEntity.Zombie":148,"stat.mineBlock.minecraft.gold_ore":63,"stat.pickup.minecraft.fire_charge":11,"stat.diveOneCm":620283,"stat.drop.minecraft.diamond_pickaxe":1,"stat.pickup.minecraft.wheat":158,"stat.pickup.biomesoplenty.peach":1,"stat.mineBlock.minecraft.mossy_cobblestone":30,"stat.useItem.biomesoplenty.hive":2,"stat.pickup.minecraft.sign":2,"stat.craftItem.minecraft.cooked_porkchop":9,"stat.pickup.minecraft.stone_axe":1,"stat.pickup.minecraft.obsidian":66,"stat.drop.minecraft.apple":1,"stat.craftItem.minecraft.diamond_sword":1,"stat.jump":34567,"stat.useItem.minecraft.sand":4,"stat.pickup.minecraft.coal":916,"stat.pickup.minecraft.iron_ingot":138,"stat.pickup.minecraft.gunpowder":13,"stat.pickup.harvestcraft.milletitem":1,"stat.craftItem.minecraft.torch":880,"stat.pickup.minecraft.dirt":1784,"stat.drop.minecraft.iron_shovel":1,"stat.useItem.biomesoplenty.log_0":6,"stat.pickup.minecraft.stone_shovel":2,"stat.pickup.minecraft.gold_ore":63,"stat.useItem.minecraft.sapling":88,"stat.mineBlock.minecraft.lapis_ore":18,"stat.pickup.minecraft.iron_axe":6,"stat.mineBlock.harvestcraft.aridgarden":1,"stat.pickup.minecraft.cookie":6,"stat.mineBlock.minecraft.glass_pane":10,"stat.damageTaken":12219,"stat.mineBlock.minecraft.torch":205,"stat.mineBlock.minecraft.melon_block":18,"stat.pickup.minecraft.written_book":3,"stat.mineBlock.minecraft.red_flower":14,"stat.tradedWithVillager":6,"stat.useItem.harvestcraft.radishitem":76,"stat.mineBlock.minecraft.sapling":38,"stat.pickup.minecraft.log2":146,"stat.mineBlock.minecraft.sandstone_stairs":5,"stat.pickup.minecraft.bed":22,"stat.pickup.minecraft.potato":105,"stat.entityKilledBy.Zombie":1,"stat.mineBlock.biomesoplenty.cherry_stairs":9,"stat.useItem.minecraft.chest":6,"stat.pickup.minecraft.diamond_pickaxe":5,"stat.pickup.harvestcraft.greengrapeitem":1,"stat.mineBlock.biomesoplenty.planks_0":22,"stat.mineBlock.harvestcraft.pampawpaw":1,"stat.useItem.minecraft.melon":10,"stat.drop.biomesoplenty.sapling_1":3,"stat.useItem.minecraft.item_frame":23,"stat.pickup.tektopia.structure_storage":5,"stat.pickup.harvestcraft.spiceleafitem":204,"stat.useItem.harvestcraft.scallionitem":77,"stat.craftItem.minecraft.iron_chestplate":5,"stat.pickup.minecraft.baked_potato":163,"stat.drop.minecraft.potato":1,"stat.mineBlock.biomesoplenty.waterlily":5,"stat.pickup.minecraft.ender_pearl":2,"stat.pickup.minecraft.cooked_beef":25,"stat.useItem.minecraft.netherrack":15,"stat.pickup.mutantbeasts.hulk_hammer":1,"stat.pickup.biomesoplenty.hive":10,"stat.craftItem.travelersbackpack.sleeping_bag_bottom":1,"stat.pickup.biomesoplenty.gem":31,"stat.pickup.harvestcraft.queenbeeitem":5,"stat.mineBlock.waystones.waystone":8,"stat.mobKills":424,"stat.mineBlock.minecraft.bookshelf":14,"stat.drop.minecraft.written_book":3,"stat.pickup.minecraft.diamond":8,"stat.pickup.minecraft.beetroot_seeds":90,"stat.pickup.minecraft.torch":351,"stat.drop.minecraft.stone_axe":2,"stat.pickup.minecraft.spruce_boat":5,"stat.useItem.cfm.table_dark_oak":1,"stat.useItem.minecraft.string":1,"stat.useItem.harvestcraft.rhubarbitem":72,"stat.craftItem.minecraft.iron_axe":14,"stat.killEntity.Blaze":1,"stat.killEntity.mutantbeasts.mutant_skeleton":1,"stat.useItem.minecraft.planks":1231,"stat.pickup.minecraft.glowstone_dust":1,"stat.pickup.minecraft.porkchop":22,"stat.pickup.minecraft.glass":42,"stat.useItem.minecraft.water_bucket":53,"stat.drop.travelersbackpack.travelers_backpack":3,"stat.pickup.minecraft.sand":203,"stat.craftItem.harvestcraft.juiceritem":1,"stat.craftItem.tektopia.chair":5,"stat.pickup.harvestcraft.sweetpotatoitem":294,"stat.pickup.minecraft.name_tag":1,"stat.craftItem.minecraft.stone_sword":2,"stat.drop.harvestcraft.juiceritem":2,"stat.mineBlock.minecraft.sand":209,"stat.mineBlock.biomesoplenty.ash_block":7,"stat.pickup.quark.marble":5,"stat.craftItem.minecraft.wooden_hoe":1,"stat.craftItem.minecraft.cooked_fish":18,"stat.mineBlock.biomesoplenty.dirt":1766,"stat.trappedChestTriggered":7,"stat.drop.tektopia.structure_home6":1,"stat.useItem.minecraft.oak_stairs":27,"stat.pickup.harvestcraft.juiceritem":4,"stat.useItem.harvestcraft.leekitem":76,"stat.pickup.harvestcraft.turnipitem":263,"stat.pickup.minecraft.furnace":9,"stat.useItem.minecraft.cooked_mutton":26,"stat.mineBlock.harvestcraft.windygarden":3,"stat.craftItem.travelersbackpack.travelers_backpack":2,"stat.pickup.minecraft.iron_chestplate":7,"stat.useItem.minecraft.stone_stairs":285,"stat.pickup.minecraft.skull":3,"stat.drop.harvestcraft.queenbeeitem":1,"stat.useItem.harvestcraft.blackberryitem":81,"stat.drop.harvestcraft.zucchiniitem":1,"stat.entityKilledBy.mutantbeasts.mutant_skeleton":1,"stat.pickup.minecraft.stone_stairs":142,"stat.pickup.minecraft.acacia_stairs":1,"stat.craftItem.ironchest.iron_chest":11,"stat.useItem.minecraft.pumpkin_pie":2,"stat.craftItem.harvestcraft.groundtrap":1,"stat.mineBlock.minecraft.oak_stairs":10,"stat.useItem.harvestcraft.beanitem":75,"stat.playOneMinute":2088332,"stat.pickup.minecraft.blaze_rod":2,"stat.drop.minecraft.string":1,"stat.drop.harvestcraft.cottonitem":1,"stat.pickup.minecraft.iron_bars":11,"stat.pickup.minecraft.dispenser":11,"stat.pickup.minecraft.netherrack":28,"stat.craftItem.biomesoplenty.cherry_fence":465,"stat.pickup.harvestcraft.cottonitem":2,"stat.pickup.minecraft.pumpkin":16,"stat.pickup.harvestcraft.tomatoitem":401,"stat.killEntity.quark:crab":1,"stat.mineBlock.minecraft.dispenser":12,"stat.mineBlock.minecraft.netherrack":30,"stat.pickup.minecraft.waterlily":6,"stat.pickup.harvestcraft.tomatilloitem":1,"stat.drop.harvestcraft.tomatoitem":29,"stat.craftItem.biomesoplenty.planks_0":1732,"stat.mineBlock.minecraft.gold_block":1,"stat.craftItem.minecraft.iron_hoe":7,"stat.pickup.minecraft.cooked_chicken":13,"stat.fallOneCm":892293,"stat.pickup.quark.slate":264,"stat.craftItem.minecraft.chest":21,"stat.pickup.minecraft.red_mushroom":6,"stat.pickup.minecraft.melon":126,"stat.useItem.minecraft.iron_hoe":1373,"stat.drop.mutantbeasts.mutant_skeleton_rib":2,"stat.pickup.minecraft.feather":46,"stat.useItem.quark.cooked_crab_leg":1,"stat.drop.minecraft.iron_leggings":1,"stat.mineBlock.quark.elder_prismarine":1,"stat.useItem.minecraft.furnace":2,"stat.pickup.minecraft.iron_leggings":10,"stat.mineBlock.minecraft.spruce_fence":117,"stat.pickup.harvestcraft.duckrawitem":4,"stat.mineBlock.minecraft.gravel":242,"stat.useItem.minecraft.stone_pickaxe":657,"stat.pickup.waystones.waystone":9,"stat.useItem.minecraft.stone_sword":266,"stat.craftItem.minecraft.iron_leggings":3,"stat.useItem.minecraft.wool":1,"stat.craftItem.minecraft.oak_stairs":32,"stat.useItem.biomesoplenty.berries":1,"stat.craftItem.quark.cooked_crab_leg":1,"stat.pickup.minecraft.record_13":1,"stat.useItem.minecraft.iron_bars":8,"stat.useItem.minecraft.torch":896,"stat.useItem.harvestcraft.spiceleafitem":80,"stat.craftItem.minecraft.stone_stairs":160,"stat.useItem.ironchest.iron_chest":2,"stat.pickup.minecraft.crafting_table":13,"stat.useItem.minecraft.log":2,"stat.craftItem.minecraft.crafting_table":12,"stat.mineBlock.biomesoplenty.cherry_fence":41,"stat.mineBlock.quark.stone_speleothem":1,"stat.pickup.minecraft.iron_hoe":3,"stat.pickup.minecraft.log":2060,"stat.pickup.biomesoplenty.planks_0":115,"stat.mineBlock.harvestcraft.pammaple":18,"stat.pickup.biomesoplenty.cherry_door":2,"stat.pickup.minecraft.sapling":430,"stat.pickup.minecraft.wooden_door":10,"stat.pickup.minecraft.beetroot":25,"stat.pickup.harvestcraft.parsnipitem":1,"stat.useItem.mutantbeasts.hulk_hammer":8,"stat.useItem.minecraft.wooden_pressure_plate":2,"stat.craftItem.minecraft.cooked_chicken":35,"stat.pickup.harvestcraft.juteitem":117,"stat.sneakTime":41420,"stat.pickup.harvestcraft.tealeafitem":126,"stat.craftItem.minecraft.spruce_fence_gate":40,"stat.useItem.minecraft.baked_potato":69,"stat.drop.minecraft.yellow_flower":4,"stat.pickup.minecraft.stone_slab":2,"stat.pickup.minecraft.yellow_flower":10,"stat.pickup.tektopia.heart":5,"stat.drop.minecraft.wooden_axe":2,"stat.pickup.minecraft.chest":6,"stat.drop.minecraft.stone_pickaxe":2,"stat.pickup.minecraft.bone":49,"stat.useItem.harvestcraft.garlicitem":73,"stat.useItem.harvestcraft.tealeafitem":77,"stat.mineBlock.minecraft.brown_mushroom":2,"stat.useItem.minecraft.diamond_sword":584,"stat.drop.harvestcraft.seaweeditem":1,"stat.swimOneCm":170015,"stat.mineBlock.quark.glowcelium":98,"stat.climbOneCm":20141,"stat.mineBlock.minecraft.spruce_stairs":1,"stat.mineBlock.quark.roots":17,"stat.pickup.harvestcraft.okraitem":1,"stat.entityKilledBy.mutantbeasts.mutant_zombie":4,"stat.useItem.minecraft.dirt":1536,"stat.pickup.tektopia.structure_home2":7,"stat.pickup.tektopia.structure_home6":7,"stat.pickup.mutantbeasts.mutant_skeleton_leggings":1,"stat.useItem.minecraft.iron_ore":1,"stat.craftItem.minecraft.trapdoor":6,"stat.craftItem.minecraft.stone_pickaxe":6,"stat.mineBlock.minecraft.magma":1,"stat.pickup.minecraft.cobblestone":7397,"stat.mineBlock.biomesoplenty.double_plant":3,"stat.pickup.minecraft.gold_block":1,"stat.useItem.harvestcraft.juteitem":77,"stat.useItem.minecraft.stone_shovel":673,"stat.pickup.minecraft.glass_bottle":2,"stat.drop.minecraft.wheat_seeds":4,"stat.useItem.harvestcraft.whitemushroomitem":77,"stat.useItem.minecraft.cooked_beef":1,"stat.pickup.minecraft.cactus":4,"stat.useItem.biomesoplenty.cherry_fence":324,"stat.pickup.harvestcraft.leekitem":173,"stat.pickup.minecraft.redstone":321,"stat.mineBlock.minecraft.iron_ore":549,"stat.useItem.minecraft.sign":3,"stat.pickup.minecraft.mutton":130,"stat.pickup.minecraft.mossy_cobblestone":30,"stat.mineBlock.biomesoplenty.log_2":25,"stat.pickup.minecraft.wooden_axe":1,"stat.drop.minecraft.dirt":3,"stat.pickup.minecraft.iron_shovel":7,"stat.useItem.minecraft.cooked_porkchop":21,"stat.pickup.minecraft.trapdoor":2,"stat.drop.tektopia.prof_lumberjack":1,"stat.craftItem.minecraft.stone_slab2":0,"stat.pickup.harvestcraft.mulberryitem":3,"stat.pickup.minecraft.sandstone_stairs":4,"stat.useItem.minecraft.spruce_fence":876,"stat.killEntity.mutantbeasts.mutant_zombie":1,"stat.mineBlock.biomesoplenty.log_0":1051,"stat.craftItem.minecraft.stick":2696,"stat.pickup.biomesoplenty.ash":22,"stat.craftItem.minecraft.stone":8,"stat.mineBlock.minecraft.crafting_table":12,"stat.useItem.minecraft.diamond_pickaxe":1681,"stat.useItem.harvestcraft.turnipitem":77,"stat.mineBlock.minecraft.planks":425,"stat.drop":119,"stat.pickup.minecraft.stone_button":1,"stat.killEntity.Sheep":79,"stat.drop.minecraft.iron_boots":2,"stat.craftItem.minecraft.diamond_pickaxe":2,"stat.pickup.harvestcraft.garlicitem":317,"stat.craftItem.minecraft.piston":10,"stat.pickup.minecraft.gravel":165,"stat.useItem.minecraft.apple":19,"stat.pickup.harvestcraft.blackberryitem":281,"stat.pickup.minecraft.diamond_sword":4,"stat.craftItem.travelersbackpack.backpack_tank":2,"stat.pickup.minecraft.fence":5,"stat.useItem.minecraft.wooden_hoe":2,"stat.useItem.tektopia.chair":4,"stat.pickup.minecraft.iron_helmet":6,"stat.useItem.minecraft.stone_axe":984,"stat.mineBlock.harvestcraft.shadedgarden":180,"stat.pickup.minecraft.spider_eye":22,"stat.craftItem.minecraft.iron_helmet":5,"stat.drop.minecraft.bed":1,"stat.useItem.minecraft.cooked_chicken":19,"stat.pickup.minecraft.iron_ore":544,"stat.boatOneCm":628352,"stat.mineBlock.minecraft.iron_bars":11,"stat.craftItem.minecraft.flint_and_steel":1,"stat.mineBlock.minecraft.stone_stairs":142,"stat.pickup.minecraft.leather":43,"stat.mineBlock.minecraft.furnace":10,"stat.useItem.minecraft.wooden_pickaxe":59,"stat.dispenserInspected":11,"stat.pickup.harvestcraft.blueberryitem":2,"stat.mineBlock.harvestcraft.pamavocado":1,"stat.pickup.minecraft.reeds":38,"stat.killEntity.CaveSpider":7,"stat.pickup.minecraft.oak_stairs":9,"stat.damageDealt":59591,"stat.craftItem.minecraft.glass":73,"stat.drop.minecraft.cooked_chicken":3,"stat.sleepInBed":53,"stat.craftItem.minecraft.baked_potato":59,"stat.killEntity.Cow":35,"stat.killEntity.Pig":8,"stat.craftItem.minecraft.iron_sword":2,"stat.pickup.minecraft.piston":8,"stat.craftItem.minecraft.stone_shovel":8,"stat.walkOneCm":5682100,"stat.useItem.quark.custom_chest":1,"stat.pickup.minecraft.stick":154,"stat.craftItem.biomesoplenty.cherry_door":3,"stat.craftItem.quark.custom_chest":5,"stat.pickup.minecraft.clay_ball":284,"stat.pickup.enderio.item_dark_steel_boots":1,"stat.pickup.biomesoplenty.sapling_1":339,"stat.pickup.biomesoplenty.sapling_2":2,"stat.useItem.minecraft.spruce_boat":6,"stat.pickup.quark.root_flower":1,"stat.drop.minecraft.iron_chestplate":3,"stat.pickup.minecraft.stone":1175,"stat.mineBlock.minecraft.wool":6,"stat.pickup.harvestcraft.zucchiniitem":269,"stat.killEntity.Skeleton":31,"stat.mineBlock.minecraft.cactus":1,"stat.pickup.biomesoplenty.log_0":1181,"stat.pickup.biomesoplenty.log_2":25,"stat.killEntity.Chicken":28,"stat.useItem.biomesoplenty.planks_0":115,"stat.killEntity.Spider":42,"stat.craftItem.minecraft.spruce_fence":927,"stat.craftItem.minecraft.fence":342,"stat.pickup.minecraft.water_bucket":1,"stat.mineBlock.minecraft.leaves":948,"stat.mineBlock.minecraft.piston":8,"stat.pickup.minecraft.spruce_stairs":1,"stat.mineBlock.minecraft.redstone_ore":71,"stat.mineBlock.minecraft.hay_block":4,"stat.mineBlock.harvestcraft.soggygarden":10,"stat.mineBlock.minecraft.stone":8340,"stat.useItem.minecraft.sandstone":14}